millis,stamp,datetime,motion
999,1564535947, 2019/7/31 1:19:7, Inactive
1999,1564535947, 2019/7/31 1:19:7, Inactive
2999,1564535947, 2019/7/31 1:19:7, Inactive
3998,1564535947, 2019/7/31 1:19:7, Inactive
4999,1564535947, 2019/7/31 1:19:7, Inactive
5999,1564535947, 2019/7/31 1:19:7, Inactive
6999,1564535947, 2019/7/31 1:19:7, Inactive
7999,1564535947, 2019/7/31 1:19:7, Inactive
8999,1564535947, 2019/7/31 1:19:7, Inactive
9999,1564535947, 2019/7/31 1:19:7, Active
10999,1564535947, 2019/7/31 1:19:7, Active
11999,1564535947, 2019/7/31 1:19:7, Active
12999,1564535947, 2019/7/31 1:19:7, Inactive
13999,1564535947, 2019/7/31 1:19:7, Inactive
14999,1564535947, 2019/7/31 1:19:7, Inactive
16000,1564535947, 2019/7/31 1:19:7, Inactive
16999,1564535947, 2019/7/31 1:19:7, Inactive
17999,1564535947, 2019/7/31 1:19:7, Inactive
18999,1564535947, 2019/7/31 1:19:7, Inactive
19999,1564535947, 2019/7/31 1:19:7, Inactive
20999,1564535947, 2019/7/31 1:19:7, Inactive
21999,1564535947, 2019/7/31 1:19:7, Active
22999,1564535947, 2019/7/31 1:19:7, Active
23999,1564535947, 2019/7/31 1:19:7, Active
24999,1564535947, 2019/7/31 1:19:7, Inactive
25999,1564535947, 2019/7/31 1:19:7, Inactive
26999,1564535947, 2019/7/31 1:19:7, Inactive
27998,1564535947, 2019/7/31 1:19:7, Inactive
28999,1564535947, 2019/7/31 1:19:7, Inactive
29999,1564535947, 2019/7/31 1:19:7, Inactive
30999,1564535947, 2019/7/31 1:19:7, Active
32000,1564535947, 2019/7/31 1:19:7, Active
32999,1564535947, 2019/7/31 1:19:7, Active
33999,1564535947, 2019/7/31 1:19:7, Inactive
34999,1564535947, 2019/7/31 1:19:7, Inactive
35999,1564535947, 2019/7/31 1:19:7, Inactive
36999,1564535947, 2019/7/31 1:19:7, Inactive
37999,1564535947, 2019/7/31 1:19:7, Inactive
38999,1564535947, 2019/7/31 1:19:7, Inactive
39999,1564535947, 2019/7/31 1:19:7, Inactive
40999,1564535947, 2019/7/31 1:19:7, Inactive
41999,1564535947, 2019/7/31 1:19:7, Inactive
42999,1564535947, 2019/7/31 1:19:7, Inactive
43999,1564535947, 2019/7/31 1:19:7, Inactive
44999,1564535947, 2019/7/31 1:19:7, Inactive
46000,1564535947, 2019/7/31 1:19:7, Inactive
46999,1564535947, 2019/7/31 1:19:7, Inactive
48000,1564535947, 2019/7/31 1:19:7, Inactive
48999,1564535947, 2019/7/31 1:19:7, Inactive
49999,1564535947, 2019/7/31 1:19:7, Inactive
50998,1564535947, 2019/7/31 1:19:7, Active
51999,1564535947, 2019/7/31 1:19:7, Active
52999,1564535947, 2019/7/31 1:19:7, Active
53999,1564535947, 2019/7/31 1:19:7, Inactive
54999,1564535947, 2019/7/31 1:19:7, Inactive
55999,1564535947, 2019/7/31 1:19:7, Inactive
56999,1564535947, 2019/7/31 1:19:7, Inactive
57999,1564535947, 2019/7/31 1:19:7, Inactive
58999,1564535947, 2019/7/31 1:19:7, Inactive
59999,1564535947, 2019/7/31 1:19:7, Active
60999,1564535947, 2019/7/31 1:19:7, Active
62000,1564535947, 2019/7/31 1:19:7, Inactive
62999,1564535947, 2019/7/31 1:19:7, Inactive
64000,1564535947, 2019/7/31 1:19:7, Inactive
64999,1564535947, 2019/7/31 1:19:7, Inactive
65999,1564535947, 2019/7/31 1:19:7, Inactive
66999,1564535947, 2019/7/31 1:19:7, Inactive
67999,1564535947, 2019/7/31 1:19:7, Inactive
68999,1564535947, 2019/7/31 1:19:7, Inactive
69999,1564535947, 2019/7/31 1:19:7, Inactive
70999,1564535947, 2019/7/31 1:19:7, Inactive
71999,1564535947, 2019/7/31 1:19:7, Inactive
72999,1564535947, 2019/7/31 1:19:7, Inactive
74000,1564535947, 2019/7/31 1:19:7, Inactive
74999,1564535947, 2019/7/31 1:19:7, Inactive
75999,1564535947, 2019/7/31 1:19:7, Inactive
76999,1564535947, 2019/7/31 1:19:7, Inactive
77999,1564535947, 2019/7/31 1:19:7, Active
78999,1564535947, 2019/7/31 1:19:7, Active
80000,1564535947, 2019/7/31 1:19:7, Active
80999,1564535947, 2019/7/31 1:19:7, Inactive
81998,1564535947, 2019/7/31 1:19:7, Inactive
82999,1564535947, 2019/7/31 1:19:7, Inactive
83999,1564535947, 2019/7/31 1:19:7, Inactive
84999,1564535947, 2019/7/31 1:19:7, Inactive
85999,1564535947, 2019/7/31 1:19:7, Inactive
86999,1564535947, 2019/7/31 1:19:7, Inactive
87999,1564535947, 2019/7/31 1:19:7, Inactive
88999,1564535947, 2019/7/31 1:19:7, Inactive
89999,1564535947, 2019/7/31 1:19:7, Inactive
90999,1564535947, 2019/7/31 1:19:7, Inactive
91999,1564535947, 2019/7/31 1:19:7, Inactive
92999,1564535947, 2019/7/31 1:19:7, Inactive
94000,1564535947, 2019/7/31 1:19:7, Inactive
94999,1564535947, 2019/7/31 1:19:7, Inactive
96000,1564535947, 2019/7/31 1:19:7, Inactive
96999,1564535947, 2019/7/31 1:19:7, Inactive
97999,1564535947, 2019/7/31 1:19:7, Inactive
98999,1564535947, 2019/7/31 1:19:7, Inactive
99999,1564535947, 2019/7/31 1:19:7, Inactive
101000,1564535947, 2019/7/31 1:19:7, Inactive
101999,1564535947, 2019/7/31 1:19:7, Inactive
102999,1564535947, 2019/7/31 1:19:7, Inactive
103999,1564535947, 2019/7/31 1:19:7, Inactive
104999,1564535947, 2019/7/31 1:19:7, Inactive
105999,1564535947, 2019/7/31 1:19:7, Inactive
106999,1564535947, 2019/7/31 1:19:7, Inactive
107999,1564535947, 2019/7/31 1:19:7, Inactive
108999,1564535947, 2019/7/31 1:19:7, Inactive
110000,1564535947, 2019/7/31 1:19:7, Inactive
111000,1564535947, 2019/7/31 1:19:7, Inactive
112000,1564535947, 2019/7/31 1:19:7, Inactive
112999,1564535947, 2019/7/31 1:19:7, Inactive
113999,1564535947, 2019/7/31 1:19:7, Inactive
114999,1564535947, 2019/7/31 1:19:7, Active
115999,1564535947, 2019/7/31 1:19:7, Active
116999,1564535947, 2019/7/31 1:19:7, Active
117999,1564535947, 2019/7/31 1:19:7, Inactive
118999,1564535947, 2019/7/31 1:19:7, Inactive
119999,1564535947, 2019/7/31 1:19:7, Inactive
120999,1564535947, 2019/7/31 1:19:7, Inactive
121999,1564535947, 2019/7/31 1:19:7, Inactive
122999,1564535947, 2019/7/31 1:19:7, Inactive
123999,1564535947, 2019/7/31 1:19:7, Inactive
124999,1564535947, 2019/7/31 1:19:7, Inactive
126000,1564535947, 2019/7/31 1:19:7, Inactive
126999,1564535947, 2019/7/31 1:19:7, Inactive
128000,1564535947, 2019/7/31 1:19:7, Inactive
128999,1564535947, 2019/7/31 1:19:7, Inactive
129999,1564535947, 2019/7/31 1:19:7, Inactive
130999,1564535947, 2019/7/31 1:19:7, Inactive
132000,1564535947, 2019/7/31 1:19:7, Inactive
132999,1564535947, 2019/7/31 1:19:7, Inactive
133999,1564535947, 2019/7/31 1:19:7, Inactive
134999,1564535947, 2019/7/31 1:19:7, Inactive
135999,1564535947, 2019/7/31 1:19:7, Inactive
136999,1564535947, 2019/7/31 1:19:7, Inactive
137999,1564535947, 2019/7/31 1:19:7, Inactive
138999,1564535947, 2019/7/31 1:19:7, Inactive
139999,1564535947, 2019/7/31 1:19:7, Inactive
140999,1564535947, 2019/7/31 1:19:7, Inactive
141999,1564535947, 2019/7/31 1:19:7, Inactive
142999,1564535947, 2019/7/31 1:19:7, Inactive
144000,1564535947, 2019/7/31 1:19:7, Inactive
144999,1564535947, 2019/7/31 1:19:7, Active
145999,1564535947, 2019/7/31 1:19:7, Active
146999,1564535947, 2019/7/31 1:19:7, Active
147999,1564535947, 2019/7/31 1:19:7, Inactive
148999,1564535947, 2019/7/31 1:19:7, Inactive
149999,1564535947, 2019/7/31 1:19:7, Inactive
151000,1564535947, 2019/7/31 1:19:7, Inactive
151999,1564535947, 2019/7/31 1:19:7, Inactive
152999,1564535947, 2019/7/31 1:19:7, Inactive
153999,1564535947, 2019/7/31 1:19:7, Inactive
154999,1564535947, 2019/7/31 1:19:7, Inactive
155999,1564535947, 2019/7/31 1:19:7, Inactive
156999,1564535947, 2019/7/31 1:19:7, Inactive
157999,1564535947, 2019/7/31 1:19:7, Active
158999,1564535947, 2019/7/31 1:19:7, Active
160000,1564535947, 2019/7/31 1:19:7, Active
160999,1564535947, 2019/7/31 1:19:7, Inactive
161999,1564535947, 2019/7/31 1:19:7, Inactive
162999,1564535947, 2019/7/31 1:19:7, Inactive
163999,1564535947, 2019/7/31 1:19:7, Inactive
165000,1564535947, 2019/7/31 1:19:7, Inactive
165999,1564535947, 2019/7/31 1:19:7, Inactive
166999,1564535947, 2019/7/31 1:19:7, Inactive
167999,1564535947, 2019/7/31 1:19:7, Inactive
168999,1564535947, 2019/7/31 1:19:7, Inactive
169999,1564535947, 2019/7/31 1:19:7, Inactive
170999,1564535947, 2019/7/31 1:19:7, Inactive
171999,1564535947, 2019/7/31 1:19:7, Inactive
172999,1564535947, 2019/7/31 1:19:7, Inactive
174000,1564535947, 2019/7/31 1:19:7, Inactive
174999,1564535947, 2019/7/31 1:19:7, Inactive
175998,1564535947, 2019/7/31 1:19:7, Inactive
176999,1564535947, 2019/7/31 1:19:7, Inactive
177999,1564535947, 2019/7/31 1:19:7, Inactive
178999,1564535947, 2019/7/31 1:19:7, Inactive
179999,1564535947, 2019/7/31 1:19:7, Inactive
180999,1564535947, 2019/7/31 1:19:7, Inactive
181999,1564535947, 2019/7/31 1:19:7, Inactive
182999,1564535947, 2019/7/31 1:19:7, Inactive
183999,1564535947, 2019/7/31 1:19:7, Inactive
184999,1564535947, 2019/7/31 1:19:7, Inactive
185999,1564535947, 2019/7/31 1:19:7, Inactive
186999,1564535947, 2019/7/31 1:19:7, Inactive
187999,1564535947, 2019/7/31 1:19:7, Inactive
188999,1564535947, 2019/7/31 1:19:7, Inactive
189999,1564535947, 2019/7/31 1:19:7, Inactive
190999,1564535947, 2019/7/31 1:19:7, Inactive
192000,1564535947, 2019/7/31 1:19:7, Inactive
192999,1564535947, 2019/7/31 1:19:7, Inactive
193999,1564535947, 2019/7/31 1:19:7, Inactive
194999,1564535947, 2019/7/31 1:19:7, Inactive
195999,1564535947, 2019/7/31 1:19:7, Inactive
197000,1564535947, 2019/7/31 1:19:7, Active
197999,1564535947, 2019/7/31 1:19:7, Active
198999,1564535947, 2019/7/31 1:19:7, Active
199999,1564535947, 2019/7/31 1:19:7, Inactive
200999,1564535947, 2019/7/31 1:19:7, Inactive
201999,1564535947, 2019/7/31 1:19:7, Inactive
202999,1564535947, 2019/7/31 1:19:7, Inactive
